LOL,PCA
0.08333333,0.08333333
0.25,0.25
0.08333333,0.08333333
0.1666667,0.25
0.08333333,0.08333333
0,0
0.25,0.1666667
0.1666667,0.1666667
0.25,0.25
0.1666667,0.1666667
0.3333333,0.3333333
0,0
0.08333333,0.1666667
0.25,0.25
0,0
0.25,0.25
0.08333333,0.08333333
0.1666667,0.08333333
0.25,0.25
0.08333333,0.08333333
